Id,FormId,Name,Data,InstanceId
61d369a4d82840afe09fd501,Q52,Infraestruturas de Desporto,"{""q5201"":""Luanda"",""q5202"":""Luanda"",""q5203"":""Rangel"",""q5204"":""Marçal"",""q5205"":""Gildo Salvador"",""q5206"":""Campo"",""q5207"":"""",""q5208"":"""",""q5209"":"""",""q5210"":""43534543, 32432"",""q5211"":""ewerwr"",""q5212"":""043545"",""q5213"":""gildosalva.pe@gmail.com"",""q5214"":""werrew"",""q5215"":""Em funcionamento"",""q5216"":""Bom estado de conservação"",""q5217"":""Empresa Privada"",""q5218"":""Futebol"",""q5219"":""Sim"",""q5220"":""Somos bons no que no fazemos, somos os melhores no que fazemos.""}",uuid:0d6d23d0-76df-40f7-bd96-590d55eef722
61d4930e509910ebceb87848,Q49,Locais de Culto Religioso,"{""q4901"":""Luanda"",""q4902"":""Talatona"",""q4903"":""Camama"",""q4904"":""Cams"",""q4905"":""GIldo Salvador"",""q4906"":""Igreja Messiânica"",""q4907"":""Budismo"",""q4908"":""babsasasas"",""q4909"":""99982322"",""q4910"":""safdsfsdfsfsdfsdf"",""q4911"":""sdfsdfsdf"",""q4912"":""Sim"",""q4913"":"""",""q4914"":""Construção permanente «tijolo ou bloco»"",""q4915"":"""",""q4916"":"""",""q4917"":""3243243, -3242443"",""q4918"":""Alguns dias da semana"",""q4919"":""41"",""q4920"":""sdfsdfsdafdsf""}",uuid:5b7a367d-be66-4202-84fa-b8e1a15392b0
61d4c511bf61fe77aab14ec3,Q47,Ordem Pública: Infraestruturas de Ordem Pública,"{""q4701"":""Luanda"",""q4702"":""Talatona"",""q4703"":""Camama"",""q4704"":""Cams"",""q4705"":""Gildo Pedro Salvador"",""q4706"":""Banco BPC"",""q4707"":"""",""q4708"":"""",""q4709"":"""",""q4710"":"""",""q4711"":"""",""q4712"":""23423432,45345435"",""q4713"":""Ajsdad"",""q4714"":""927412639"",""q4715"":""sdffsasfserepsc"",""q4716"":""werwerewrwr32"",""q4717"":""Comando Geral"",""q4718"":""Em funcionamento"",""q4719"":""Em processo de reabilitação ou manutenção"",""q4720"":""Rede geral"",""q4721"":""Rede geral"",""q4722"":""Rede geral"",""q4723"":""Rede geral"",""q4724"":""Latrina melhorada"",""q4725"":""Casa de banho"",""q4726"":""Sim"",""q4727"":""Recolha Municipal"",""q4728"":""qwiueqoieiwqmdlskxzmflcsd""}",uuid:1dc68b32-8c8c-4562-904b-923b751d822d
61d4d757bf61fe77aab14ef4,Q50,Infraestruturas de Cultura,"{""q5001"":""Luanda"",""q5002"":""Talatona"",""q5003"":""Camama"",""q5004"":""Cams"",""q5005"":""Gildo"",""q5006"":""CineSavior"",""q5007"":""Cinema"",""q5008"":""23423432,32423"",""q5009"":""werewr"",""q5010"":""927412644"",""q5011"":""gildosalva.pe@gmail.com"",""q5012"":""ssdfsdfsd"",""q5013"":"""",""q5014"":"""",""q5015"":""Em funcionamento"",""q5016"":""Bom estado de conservação"",""q5017"":""Governo Central"",""q5018"":""Sim"",""q5019"":""dsfdsfdasfdfds""}",uuid:4255f671-8624-4153-8412-f0e588b87f72
61d5c4dca640b7c2cd794fcc,Q43,Infraestruturas de Protecção Social,"{""q4301"":""Luanda"",""q4302"":""Talatona"",""q4303"":""Camama"",""q4304"":""Cams"",""q4305"":""Gildo"",""q4306"":""Estrutura de apoio a portadores de deficiência"",""q4307"":""SaviorCare"",""q4308"":"""",""q4309"":"""",""q4310"":"""",""q4311"":"""",""q4312"":"""",""q4313"":""213443214,3243242"",""q4314"":""werqerq"",""q4315"":""324145353"",""q4316"":""weqrwerew"",""q4317"":""werwer"",""q4318"":""Infância"",""q4319"":""5032432"",""q4320"":""3243324"",""q4321"":""321432"",""q4322"":0,""q4323"":""Em funcionamento"",""q4324"":""Governo Central"",""q4325"":""Sim"",""q4326"":"""",""q4327"":""Bom estado de conservação"",""q4328"":""Rede geral"",""q4329"":""Rede geral"",""q4330"":""Paineis solares"",""q4331"":""Gerador"",""q4332"":""Latrina"",""q4333"":""Latrina melhorada"",""q4334"":""Sim"",""q4335"":""Incinerador"",""q4336"":""werwerewrw""}",uuid:9ee3b566-a568-4018-bbe7-546e740bc933
61d5de20a640b7c2cd795001,Q45,Infraestruturas de Justiça e Direitos Humanos,"{""q4501"":""Luanda"",""q4502"":""Talatona"",""q4503"":""Camama"",""q4504"":""Cams"",""q4505"":""fdsfds"",""q4506"":"""",""q4507"":"""",""q4508"":"""",""q4509"":"""",""q4510"":"""",""q4511"":"""",""q4512"":"""",""q4513"":"""",""q4514"":0,""q4515"":"""",""q4516"":"""",""q4517"":0,""q4518"":0,""q4519"":0,""q4520"":0,""q4521"":"""",""q4522"":"""",""q4523"":"""",""q4524"":"""",""q4525"":"""",""q4526"":"""",""q4527"":"""",""q4528"":"""",""q4529"":"""",""q4530"":"""",""q4531"":"""",""q4532"":""""}",uuid:9e0715f2-537c-44a7-a10c-9b8ca3f32f4b
