Id,FormId,Name,Data,InstanceId
61d369a4d82840afe09fd501,Q52,Infraestruturas de Desporto,"{""q5201"":""Luanda"",""q5202"":""Luanda"",""q5203"":""Rangel"",""q5204"":""Marçal"",""q5205"":""Gildo Salvador"",""q5206"":""Campo"",""q5207"":"""",""q5208"":"""",""q5209"":"""",""q5210"":""43534543, 32432"",""q5211"":""ewerwr"",""q5212"":""043545"",""q5213"":""gildosalva.pe@gmail.com"",""q5214"":""werrew"",""q5215"":""Em funcionamento"",""q5216"":""Bom estado de conservação"",""q5217"":""Empresa Privada"",""q5218"":""Futebol"",""q5219"":""Sim"",""q5220"":""Somos bons no que no fazemos, somos os melhores no que fazemos.""}",uuid:0d6d23d0-76df-40f7-bd96-590d55eef722
61d4930e509910ebceb87848,Q49,Locais de Culto Religioso,"{""q4901"":""Luanda"",""q4902"":""Talatona"",""q4903"":""Camama"",""q4904"":""Cams"",""q4905"":""GIldo Salvador"",""q4906"":""Igreja Messiânica"",""q4907"":""Budismo"",""q4908"":""babsasasas"",""q4909"":""99982322"",""q4910"":""safdsfsdfsfsdfsdf"",""q4911"":""sdfsdfsdf"",""q4912"":""Sim"",""q4913"":"""",""q4914"":""Construção permanente «tijolo ou bloco»"",""q4915"":"""",""q4916"":"""",""q4917"":""3243243, -3242443"",""q4918"":""Alguns dias da semana"",""q4919"":""41"",""q4920"":""sdfsdfsdafdsf""}",uuid:5b7a367d-be66-4202-84fa-b8e1a15392b0
61d4c511bf61fe77aab14ec3,Q47,Ordem Pública: Infraestruturas de Ordem Pública,"{""q4701"":""Luanda"",""q4702"":""Talatona"",""q4703"":""Camama"",""q4704"":""Cams"",""q4705"":""Gildo Pedro Salvador"",""q4706"":""Banco BPC"",""q4707"":"""",""q4708"":"""",""q4709"":"""",""q4710"":"""",""q4711"":"""",""q4712"":""23423432,45345435"",""q4713"":""Ajsdad"",""q4714"":""927412639"",""q4715"":""sdffsasfserepsc"",""q4716"":""werwerewrwr32"",""q4717"":""Comando Geral"",""q4718"":""Em funcionamento"",""q4719"":""Em processo de reabilitação ou manutenção"",""q4720"":""Rede geral"",""q4721"":""Rede geral"",""q4722"":""Rede geral"",""q4723"":""Rede geral"",""q4724"":""Latrina melhorada"",""q4725"":""Casa de banho"",""q4726"":""Sim"",""q4727"":""Recolha Municipal"",""q4728"":""qwiueqoieiwqmdlskxzmflcsd""}",uuid:1dc68b32-8c8c-4562-904b-923b751d822d
61d4d757bf61fe77aab14ef4,Q50,Infraestruturas de Cultura,"{""q5001"":""Luanda"",""q5002"":""Talatona"",""q5003"":""Camama"",""q5004"":""Cams"",""q5005"":""Gildo"",""q5006"":""CineSavior"",""q5007"":""Cinema"",""q5008"":""23423432,32423"",""q5009"":""werewr"",""q5010"":""927412644"",""q5011"":""gildosalva.pe@gmail.com"",""q5012"":""ssdfsdfsd"",""q5013"":"""",""q5014"":"""",""q5015"":""Em funcionamento"",""q5016"":""Bom estado de conservação"",""q5017"":""Governo Central"",""q5018"":""Sim"",""q5019"":""dsfdsfdasfdfds""}",uuid:4255f671-8624-4153-8412-f0e588b87f72
61d5c4dca640b7c2cd794fcc,Q43,Infraestruturas de Protecção Social,"{""q4301"":""Luanda"",""q4302"":""Talatona"",""q4303"":""Camama"",""q4304"":""Cams"",""q4305"":""Gildo"",""q4306"":""Estrutura de apoio a portadores de deficiência"",""q4307"":""SaviorCare"",""q4308"":"""",""q4309"":"""",""q4310"":"""",""q4311"":"""",""q4312"":"""",""q4313"":""213443214,3243242"",""q4314"":""werqerq"",""q4315"":""324145353"",""q4316"":""weqrwerew"",""q4317"":""werwer"",""q4318"":""Infância"",""q4319"":""5032432"",""q4320"":""3243324"",""q4321"":""321432"",""q4322"":0,""q4323"":""Em funcionamento"",""q4324"":""Governo Central"",""q4325"":""Sim"",""q4326"":"""",""q4327"":""Bom estado de conservação"",""q4328"":""Rede geral"",""q4329"":""Rede geral"",""q4330"":""Paineis solares"",""q4331"":""Gerador"",""q4332"":""Latrina"",""q4333"":""Latrina melhorada"",""q4334"":""Sim"",""q4335"":""Incinerador"",""q4336"":""werwerewrw""}",uuid:9ee3b566-a568-4018-bbe7-546e740bc933
61d5de20a640b7c2cd795001,Q45,Infraestruturas de Justiça e Direitos Humanos,"{""q4501"":""Luanda"",""q4502"":""Talatona"",""q4503"":""Camama"",""q4504"":""Cams"",""q4505"":""fdsfds"",""q4506"":"""",""q4507"":"""",""q4508"":"""",""q4509"":"""",""q4510"":"""",""q4511"":"""",""q4512"":"""",""q4513"":"""",""q4514"":0,""q4515"":"""",""q4516"":"""",""q4517"":0,""q4518"":0,""q4519"":0,""q4520"":0,""q4521"":"""",""q4522"":"""",""q4523"":"""",""q4524"":"""",""q4525"":"""",""q4526"":"""",""q4527"":"""",""q4528"":"""",""q4529"":"""",""q4530"":"""",""q4531"":"""",""q4532"":""""}",uuid:9e0715f2-537c-44a7-a10c-9b8ca3f32f4b
61d6b4e58b91e1b9f3edb20b,Q62,Infraestruturas de abastecimento de Água,"{""q6201"":""Luanda"",""q6202"":""Talatona"",""q6203"":""Camama"",""q6204"":""Cams"",""q6205"":""Gildo"",""q6206"":""Ponto de Água"",""q6207"":""GildoWater"",""q6208"":""Gildo"",""q6209"":""sare3wer23421"",""q6210"":""03829432"",""q6211"":""93434"",""q6212"":""324242"",""q6213"":""234324,345324532"",""q6214"":""1641460958321-247318810_394705372400376_5372044329721328889_n.jpg"",""q6215"":""1641460963321-247318810_394705372400376_5372044329721328889_n.jpg"",""q6216"":""uyiuyittyuiytuyt""}",uuid:622108ae-281b-42bc-b9c9-3ef0445fd0ea
61d6b5268b91e1b9f3edb214,Q68,"Património Histórico, Cultural e Natural","{""q6801"":""Luanda"",""q6802"":""Talatona"",""q6803"":""Camama"",""q6804"":""Cams"",""q6805"":""Gildo"",""q6806"":""Património Cultural"",""q6807"":""Blabla"",""q6808"":""Em bom estado de conservação"",""q6809"":""Entidade Privada"",""q6810"":""2132131,432432"",""q6811"":""1641461019672-247318810_394705372400376_5372044329721328889_n.jpg"",""q6812"":""1641461025874-247318810_394705372400376_5372044329721328889_n.jpg"",""q6813"":""werwewrtret""}",uuid:bd9c7136-b140-41d6-ad42-bdd85f6bc458
61d82c330a55ad64878b7855,Q69,Ordenamento do Território e Urbanismo,"{""q6901"":""Luanda"",""q6902"":""Talatona"",""q6903"":""Gildo"",""q6904"":""Sim"",""q6905"":""dfgds"",""q6906"":""Sim"",""q6907"":""werwqe"",""q6908"":""Sim"",""q6909"":""dfgd"",""q6910"":""Sim"",""q6911"":""rewqrwe"",""q6912"":""Sim"",""q6913"":""werwerwe"",""q6914"":""Sim"",""q6915"":""eqrewrew"",""q6916"":""Sim"",""q6917"":""dfgfds"",""q6918"":""23419"",""q6919"":""0213213"",""q6920"":""0324213"",""q6921"":""012313"",""q6922"":""012312"",""q6923"":""01231"",""q6924"":""2127"",""q6925"":""012321"",""q6926"":""03213"",""q6927"":""2128"",""q6928"":""021321"",""q6929"":""02132"",""q6930"":""2319"",""q6931"":""21318"",""q6932"":""werwewqeewq""}",uuid:5201838f-5c23-401e-ace0-18ea7a376736
61d82e3d0a55ad64878b785e,Q11,Demografia,"{""q1101"":""Luanda"",""q1102"":""Talatona"",""q1103"":""Camama"",""q1104"":""Cams"",""q1105"":""Gildo"",""q1106"":""Sim"",""q1107"":""324"",""q1108"":""032432"",""q1109"":32756,""q1110"":""0234"",""q1111"":""023432"",""q1112"":""0324"",""q1113"":""03242"",""q1114"":""0324"",""q1115"":""3237"",""q1116"":""3240"",""q1117"":""03214"",""q1118"":""324318"",""q1119"":""3240"",""q1120"":""3240"",""q1121"":""32430"",""q1122"":""0321432"",""q1123"":721907,""q1124"":""0324123"",""q1125"":""3210"",""q1126"":""1320"",""q1127"":""3210"",""q1128"":""321"",""q1129"":""321"",""q1130"":""0324"",""q1131"":""043242"",""q1132"":""321"",""q1133"":""322"",""q1134"":""323"",""q1135"":""321"",""q1136"":""3239"",""q1137"":380597,""q1138"":1102504,""q1139"":""0321412"",""q1140"":""0324"",""q1141"":""321"",""q1142"":""3211"",""q1143"":""321"",""q1144"":""431"",""q1145"":""0432"",""q1146"":""0432"",""q1147"":""0432"",""q1148"":""0432"",""q1149"":""0431"",""q1150"":""0324"",""q1151"":""0324"",""q1152"":328827,""q1153"":""0432"",""q1154"":""043"",""q1155"":""0345"",""q1156"":""064563"",""q1157"":""0456"",""q1158"":""654"",""q1159"":""0657"",""q1160"":""654"",""q1161"":""5746552"",""q1162"":""065745"",""q1163"":""0457"",""q1164"":""045"",""q1165"":""057476"",""q1166"":5938079,""q1167"":6266906,""q1168"":""065765"",""q1169"":""57654"",""q1170"":""564"",""q1171"":""056765"",""q1172"":""""}",uuid:e54f37c7-1208-4a15-8bb9-14c0add75d74
